{"cameraMode":{"drawMode":0,"name":"Shaded","section":"Shading Mode"},"sceneLighting":true,"audioPlay":false,"sceneViewState":{"m_AlwaysRefresh":false,"showFog":true,"showSkybox":true,"showFlares":true,"showImageEffects":true,"showParticleSystems":true,"showVisualEffectGraphs":true,"m_FxEnabled":true},"in2DMode":false,"pivot":{"x":12.326147079467774,"y":2.1621363162994386,"z":-3.458228588104248},"rotation":{"x":0.09932205826044083,"y":-0.5037915110588074,"z":0.058448150753974918,"w":0.8561042547225952},"size":2.564760684967041,"orthographic":false}