{"cameraMode":{"drawMode":0,"name":"Shaded","section":"Shading Mode"},"sceneLighting":true,"audioPlay":false,"sceneViewState":{"m_AlwaysRefresh":false,"showFog":true,"showSkybox":true,"showFlares":true,"showImageEffects":true,"showParticleSystems":true,"showVisualEffectGraphs":true,"m_FxEnabled":true},"in2DMode":false,"pivot":{"x":9.344757080078125,"y":3.267000198364258,"z":42.657806396484378},"rotation":{"x":-0.20728066563606263,"y":0.07387372851371765,"z":-0.01569885015487671,"w":-0.9753797054290772},"size":30.263303756713868,"orthographic":false}