{"cameraMode":{"drawMode":0,"name":"Shaded","section":"Shading Mode"},"sceneLighting":true,"audioPlay":false,"sceneViewState":{"m_AlwaysRefresh":false,"showFog":true,"showSkybox":true,"showFlares":true,"showImageEffects":true,"showParticleSystems":true,"showVisualEffectGraphs":true,"m_FxEnabled":true},"in2DMode":false,"pivot":{"x":32.654747009277347,"y":-0.3988923728466034,"z":-73.28514099121094},"rotation":{"x":0.017634181305766107,"y":0.9773910641670227,"z":-0.09056758135557175,"w":0.1903010606765747},"size":55.651954650878909,"orthographic":false}