{"cameraMode":{"drawMode":0,"name":"Shaded","section":"Shading Mode"},"sceneLighting":false,"audioPlay":false,"sceneViewState":{"m_AlwaysRefresh":false,"showFog":true,"showSkybox":false,"showFlares":true,"showImageEffects":true,"showParticleSystems":true,"showVisualEffectGraphs":true,"m_FxEnabled":true},"in2DMode":false,"pivot":{"x":0.045911986380815509,"y":0.01330709457397461,"z":0.06722956895828247},"rotation":{"x":0.6910185217857361,"y":-0.0010842541232705117,"z":0.0010365297785028816,"w":0.7228355407714844},"size":0.2912942171096802,"orthographic":false}